物品ID,中文名,英文名,单形态,文字颜色,类别,最大堆叠,JSON数据
0,空,empty,_,&7,null,0,{}
1,草方块,grass_block,■,127;255;0,block,999,{}
2,泥土,soil,■,139;105;20,block,999,{}
3,尘埃,ash,■,86;72;42,block,999,{}
4,石头,stone,■,156;156;156,block,999,{}
5,石块,rock,石,181;181;181,block,999,{}
6,沙子,sand,,241;243;53,block,999,{}
7,松树,pine,木,10;138;25,block,99,{Fuel:140s}
8,杨树,poplar,来,85;226;62,block,99,{Fuel:190s}
9,樟树,camphor,A,21;137;40,block,99,{Fuel:270s}
10,柳树,willow,奉,163;234;50,block,99,{Fuel:120s}
11,银杏树,ginkgo,率,110;236;48,block,99,{Fuel:155s}
12,苹果树,apple_tree,苹,18;200;22,block,99,{Fuel:160s}
13,原木,log,回,191;98;7,block,999,"{Fuel:50s,Comment:""自然资源之一""}"
14,木板,plank,□,247;163;43,block,999,{Fuel:15s}
15,工作台,workbench,兀,243;176;47,block,99,"{Fuel:55s,Tags:[""workbench""],Comment:""用于合成基础物品""}"
16,杉树,spruce,U44A0,10;141;32,block,99,{Fuel:160s}
17,水,water,■,33;92;244,block,99,{}
18,熔岩,lava,■,250;83;24,block,99,{Fuel:1800s}
19,雪块,snow_block,■,246;246;246,block,999,{}
20,冰块,ice,■,113;227;247,block,999,{}
21,竹,bamboo_plant,竹,21;235;26,block,99,{}
22,石砖,stonebrick,田,134;134;134,block,999,{}
23,地狱石砖,hell_stonebrick,田,252;55;16,block,999,{}
24,刻花石砖,carved_stonebrick,,134;134;134,block,999,{}
25,裂纹石砖,cracked_stonebrick,,134;134;134,block,999,{}
26,地狱刻花石砖,hell_carved_stonebrick,,252;55;16,block,999,{}
27,地狱裂纹石砖,hell_cracked_stonebrick,,252;55;16,block,999,{}
28,熔炉,furnace,同,106;106;106,block,99,"{Comment:""用于物品的基本烧制"",Lightness:0.0f}"
29,铁砧,anvil,エ,242;242;242,block,99,{Comment:"用于制造金属制品"}
30,树叶,leaves,,13;215;27,block,999,{Fuel:4s}
31,营火,campfire,兴,248;49;2,block,99,"{Lightness:2.2f,Fuel:75s,Comment:""家的感觉""}"
32,木箱,wooden_chest,曰,205;88;17,block,99,{Fuel:65s}
33,石箱,stone_chest,因,122;122;122,block,99,{}
34,铁箱,iron_chest,,238;238;238,block,99,{}
35,金箱,golden_chest,固,247;234;27,block,99,{}
36,钴蓝箱,cobalt_chest,G,32;101;242,block,99,{}
37,木门,wooden_door,T,227;116;27,block,99,{Fuel:85s}
38,石门,stone_door,U4992,127;127;127,block,99,{}
39,铁门,iron_door,g,242;242;242,block,99,{}
40,金门,golden_door,U49A6,231;221;51,block,99,{}
41,地狱石门,hell_stonebrick_door,,252;55;16,block,99,{}
42,木栅栏,wooden_fences,`,197;91;39,block,999,{Fuel:35s}
43,木围栏,wooden_enclosure,井,197;91;39,block,999,{Fuel:40s}
44,木围墙,wooden_wall,U3429,197;91;39,block,999,{Fuel:45s}
45,木棒,wooden_stick,／,221;143;21,close_weapon,999,"{Attack:1s,CD:500s,KnockbackLevel:4s,Unbreakable:1s,Fuel:5s,EntityID:58s,EntityLife:180s}"
46,木剑,wooden_sword,ヤ,216;140;20,close_weapon,1,"{Attack:4s,CD:420s,KnockbackLevel:6s,Durability:790s,Fuel:25s,EntityID:36s,EntityLife:350L}"
47,木镐,wooden_pickaxe,个,216;140;20,pickaxe,1,"{Attack:1s,Power:1s,PowerLevel:3s,CD:330s,KnockbackLevel:3s,Durability:860s,Fuel:30s,EntityID:37s,EntityLife:270L}"
48,木斧,wooden_axe,ㄗ,216;140;20,axe,1,"{Attack:5s,Power:4s,PowerLevel:2s,CD:750s,KnockbackLevel:10s,Durability:800s,Fuel:35s,EntityID:37s,EntityLife:450L}"
49,石剑,stone_sword,ヤ,134;134;134,close_weapon,1,"{Attack:5s,CD:450s,KnockbackLevel:7s,Durability:1570s,EntityID:38s,EntityLife:390L}"
50,石镐,stone_pickaxe,个,134;134;134,pickaxe,1,"{Attack:1s,Power:2s,PowerLevel:4s,Durability:1580s,CD:300s,KnockbackLevel:4s,EntityID:39s,EntityLife:220L}"
51,石斧,stone_axe,ㄗ,134;134;134,axe,1,"{Attack:6s,Power:5s,PowerLevel:3s,Durability:1550s,CD:770s,KnockbackLevel:11s,EntityID:39s,EntityLife:600L}"
52,铁剑,iron_sword,ヤ,241;241;241,close_weapon,1,"{Attack:6s,CD:430s,KnockbackLevel:8s,Durability:4020s,EntityID:40s,EntityLife:310L}"
53,铁镐,iron_pickaxe,Ｔ,241;241;242,pickaxe,1,"{Attack:2s,Power:3s,PowerLevel:5s,Durability:4420s,CD:290s,KnockbackLevel:4s,EntityID:41s,EntityLife:180L}"
54,铁斧,iron_axe,ㄗ,241;241;243,axe,1,"{Attack:7s,Power:7s,PowerLevel:4s,Durability:4290s,CD:755s,KnockbackLevel:13s,EntityID:41s,EntityLife:450L}"
55,金剑,golden_sword,ヤ,227;235;15,close_weapon,1,"{Attack:13s,CD:433s,KnockbackLevel:8s,Durability:5010s,EntityID:42s,EntityLife:290L}"
56,金镐,golden_pickaxe,Ｔ,227;235;16,pickaxe,1,"{Attack:3s,Power:4s,PowerLevel:6s,CD:330s,KnockbackLevel:5s,Durability:5510s,EntityID:43s,EntityLife:180L}"
57,金斧,golden_axe,ㄗ,227;235;17,axe,1,"{Attack:14s,Power:8s,PowerLevel:5s,Durability:5480s,CD:520s,KnockbackLevel:14s,EntityID:43s,EntityLife:350L}"
58,铁粒,iron_nugget,U2B28,240;240;240,material,999,{}
59,铁锭,iron_ingot,ㄖ,237;242;244,material,999,{}
60,金粒,gold_nugget,U2B28,227;235;15,material,999,{}
61,金锭,gold_ingot,ㄖ,227;235;15,material,999,{Comment:"貌似在发光"}
62,碎铁矿,small_iron_ore,Д,250;117;65,material,999,{}
63,铁矿,iron_ore,◆,241;124;67,material,999,{}
64,煤炭,coal,◆,87;87;87,material,999,"{Fuel:80s,Comment:""蕴含着丰富的化学能""}"
65,木炭,charcoal,◆,100;79;7,material,999,{Fuel:77s}
66,竹子,bamboo,┊,14;182;22,close_weapon,999,"{Attack:1s,CD:400s,KnockbackLevel:3s,Unbreakable:1s,Fuel:6s,EntityID:59s,EntityLife:150s}"
67,火把,torch,ì,216;62;14,block,999,{Comment:"驱散黑暗"}
68,铁栏杆,iron_railings,册,234;234;234,block,999,{}
69,金栏杆,golden_railings,册,247;234;27,block,999,{}
70,木桌,wooden_table,U26E9,155;75;17,block,99,{Fuel:50s}
71,铁桌,iron_table,万,196;196;196,block,99,{}
72,梳妆台,dressing_table,最,217;124;15,block,99,{Fuel:80s}
73,石桌,stone_table,Z,127;127;127,block,99,{}
74,金桌,golden_table,方,247;234;27,block,99,{}
75,地狱石桌,hell_table,,252;55;16,block,99,{}
76,茶几,tea_table,U268E,169;67;27,block,99,{Fuel:23s}
77,茶桌,tea_desk,冗,156;47;17,block,99,{Fuel:42s}
78,工匠作坊,smith_table,契,246;182;10,block,99,{Comment:"用于制作中级物品"}
79,凳子,stool,U26BB,241;173;23,block,99,"{Fuel:5s,Comment:""利于随身携带""}"
80,矮桌,short_table,不,212;105;26,block,99,{Fuel:28s}
81,雕纹隔板,carved_clapboard,臣,220;138;10,block,99,{Fuel:98s}
82,书桌,desk,取,247;198;65,block,99,{Fuel:70s}
83,铁货架,iron_shelf,王,221;234;236,block,99,{}
84,木货架,wooden_shelf,王,237;130;51,block,99,{Fuel:34s}
85,切石机,stone_cutter,U40AE,120;120;120,block,99,{Comment:"用于打造石质物品"}
86,草,grass,，,19;197;15,block,999,{Fuel:1s}
87,高草,tall_grass,；,16;166;12,block,999,{Fuel:2s}
88,灌木丛,bushes,丛,14;150;24,block,999,{Fuel:6s}
89,芦苇,reeds,c,18;204;70,block,999,{Fuel:8s}
90,仙人掌,cactus,业,97;210;21,block,99,{Fuel:20s}
91,仙人掌块,cactus_block,U2684,107;211;30,block,999,"{Fuel:6s,Comment:""磨平的""}"
92,仙人掌工作台,cactus_workbench,U34AB,124;204;38,block,99,"{Fuel:55s,Tags:[""workbench""]}"
93,仙人掌门,cactus_door,Y,130;200;37,block,99,{Fuel:90s}
94,仙人掌桌,cactus_table,亚,179;206;32,block,99,"{Fuel:55s,Comment:""绝对不带刺""}"
95,仙人掌篱笆,cactus_fences,,174;205;33,block,999,{Fuel:45s}
96,竹板,bamboo_plank,田,202;225;5,block,999,{Fuel:13s}
97,竹门,bamboo_door,T,202;225;5,block,999,{Fuel:80s}
98,竹工作台,bamboo_workbench,,202;220;10,block,99,"{Fuel:58s,Tags:[""workbench""]}"
99,竹桌,bamboo_table,而,154;244;12,block,99,{Fuel:55s}
100,竹栅栏,bamboo_fences,`,127;237;19,block,999,{Fuel:30s}
101,竹围栏,bamboo_enclosure,卅,127;237;19,block,999,{Fuel:40s}
102,竹围墙,bamboo_wall,c,127;237;19,block,999,{Fuel:45s}
103,木弓,wooden_bow,D,206;143;21,bow,1,"{Fuel:60s,CD:1050s,KnockbackLevel:3s,Attack:5s,Durability:360s,Range:12s,ProjCD:45s}"
104,铁弓,iron_bow,D,218;218;215,bow,1,"{CD:950s,KnockbackLevel:4s,Attack:8s,Durability:2350s,Range:18s,ProjCD:38s}"
105,金弓,golden_bow,D,247;234;27,bow,1,"{CD:900s,KnockbackLevel:5s,Attack:10s,Durability:3550s,Range:19s,ProjCD:34s}"
106,竹弓,bamboo_bow,D,24;192;36,bow,1,"{CD:998s,KnockbackLevel:3s,Attack:5s,Durability:780s,Range:14s,ProjCD:40s}"
107,线,string,ζ,230;226;215,material,999,{Comment:"重要的材料"}
108,绳索,rope,U054F,225;188;90,material,999,{}
109,木箭,wooden_arrow,↓,177;121;33,arrow,999,"{Fuel:5s,EntityID:2s,BasicProj:1s}"
110,铁箭,iron_arrow,↓,244;245;244,arrow,999,{EntityID:3s}
111,竹箭,bamboo_arrow,U2B6D,24;192;36,arrow,999,"{Fuel:4s,EntityID:4s,BasicProj:1s}"
112,子弹,bullet,・,235;52;9,bullet,999,"{EntityID:5s,BasicProj:1s}"
113,手枪,pistol,U10001,110;102;120,gun,1,"{CD:755s,KnockbackLevel:5s,Attack:11s,Durability:4620s,Range:18s,ProjCD:15s,UseSound:""pistol""}"
114,火药,powder,▲,93;98;86,material,999,{Comment:"四大发明之一"}
115,钩子,hook,ㄛ,160;183;205,material,999,{}
116,弹簧,spring,ξ,238;127;150,material,999,{}
117,冲锋枪,SMG,刀,110;102;120,gun,1,"{CD:155s,KnockbackLevel:1s,Attack:5s,Durability:9800s,Range:20s,ProjCD:13s,UseSound:""rifle1""}"
118,爆破弹,explosive_bullet,A,244;101;14,bullet,999,{EntityID:6s}
119,牛筋草,eleusine_indica,U16C9,60;179;113,block,999,{}
120,丁香,clove,U2DA9,238;130;238,block,999,{}
121,虞美人,poppy,U2CE1,255;69;0,block,999,{}
122,碧蓝草,blue_grass,γ,22;113;226,block,999,{}
123,冰雪莲,ice_lotus,ж,71;244;193,block,999,{}
124,松树苗,pine_sapling,U2BED,10;138;25,block,99,{}
125,杨树苗,poplar_sapling,忄,85;226;62,block,99,{}
126,樟树苗,camphor_sapling,￥,21;137;40,block,99,{}
127,柳树苗,willow_sapling,Υ,163;234;50,block,99,{}
128,银杏树苗,ginkgo_sapling,丫,110;236;48,block,99,{}
129,燃烧箭,burning_arrow,U2B41,238;118;0,arrow,999,"{Fuel:9s,EntityID:14s,Lightness:1.9f}"
130,苹果树苗,apple_tree_sapling,Y,18;200;22,block,99,{}
131,杉树苗,spruce_sapling,U38FA,10;141;32,block,99,{}
132,十字碑,cross_gravestone,,96;123;139,block,999,{}
133,石碑,stone_gravestone,U26EB,130;130;130,block,999,{}
134,金墓碑,golden_gravestone,,218;165;32,block,999,{Comment:"死人也具有等级"}
135,竹箱,bamboo_chest,白,59;143;57,block,99,{Fuel:60s}
136,仙人掌箱,cactus_chest,显,118;187;19,block,99,{Fuel:55s}
137,竹笋,bamboo_shoot,U22CF,198;225;49,block,999,"{Fuel:10s,Comment:""新生命！""}"
138,竹苗,bamboo_sapling,卜,160;216;58,block,99,{Fuel:25s}
139,营火炬,campfire_torch,举,232;87;30,material,99,"{Lightness:7.0f,Fuel:80s,Comment:""很亮的手持光源""}"
140,布,cloth,≈,227;196;113,material,999,{Fuel:12s}
141,怪物肉,monster_flesh,肉,110;147;110,food,999,"{Food:4s,Comment:""腥味很重""}"
142,熟怪物肉,cooked_monster_flesh,肉,125;138;78,food,999,"{Food:6s,Comment:""仍有轻微的腐臭""}"
143,萝卜,carrot,U2763,237;104;31,food,999,{Food:2s}
144,骨头,bone,I,133;157;152,material,999,{}
145,凝胶,gel,o,31;159;34,material,999,"{Fuel:10s,Comment:""好像很好吃""}"
146,凝胶块,gel_block,U26CB,31;159;34,block,999,{Fuel:40s}
147,熔炼炉,smelter,高,77;47;99,block,999,{Comment:"用于回收基本金属"}
148,钢锭,steel_ingot,ㄖ,186;218;225,material,999,{Comment:"比铁硬"}
149,钢剑,steel_sword,ヤ,186;218;225,close_weapon,1,"{Attack:8s,CD:398s,KnockbackLevel:8s,Durability:5000s,EntityID:44s,EntityLife:240L}"
150,钢镐,steel_pickaxe,Ｔ,186;218;225,pickaxe,1,"{Attack:2s,Power:4s,PowerLevel:5s,Durability:5050s,CD:255s,KnockbackLevel:4s,EntityID:45s,EntityLife:150L}"
151,钢斧,steel_axe,ㄗ,186;218;225,axe,1,"{Attack:9s,Power:8s,PowerLevel:4s,Durability:4970s,CD:720s,KnockbackLevel:13s,EntityID:45s,EntityLife:550L}"
152,铁块,iron_block,囗,201;204;206,block,999,{}
153,金块,gold_block,,247;234;27,block,999,{}
154,钢块,steel_block,,186;218;225,block,999,{}
155,钢围栏,steel_enclosure,|,186;218;225,block,999,{Comment:"看上去很牢固"}
156,钢匕首,steel_dagger,メ,186;218;225,close_weapon,1,"{Attack:5s,CD:249s,KnockbackLevel:4s,Durability:3450s,Comment:""锋利的匕首!"",EntityID:48s,EntityLife:130L}"
157,骨块,bone_block,U2680,133;157;152,block,999,{}
158,骨头栅栏,bone_fence,H,133;157;152,block,999,{}
159,苹果,apple,ó,239;94;21,food,999,"{Food:3s,Comment:""可口的水果""}"
160,梨树,pear_tree,荣,107;215;41,block,99,{Fuel:150s}
161,梨,pear,б,232;250;144,food,999,"{Food:3s,Comment:""可口的水果""}"
162,梨树苗,pear_tree_sapling,丬,137;216;84,block,99,{}
163,铁烛台,iron_candlestick,ψ,220;159;62,block,999,{Lightness:3.3f}
164,金烛台,golden_candlestick,Ψ,240;221;44,block,999,{Lightness:3.5f}
165,蜡烛,candle,ι,253;249;203,block,99,"{Lightness:1.2f,Fuel:30s,Comment:""发出微弱的光芒""}"
166,蜂蜡,wax,U264D,228;183;72,material,999,{}
167,蝎钳,scorpion_pincher,ゴ,238;197;145,material,99,{}
168,鲨鱼鳍,shark_fin,S,102;139;139,food,999,"{Food:1s,Comment:""共同保护鲨鱼，自觉抵制诱惑""}"
169,水虎鱼,piranha,∝,28;28;28,food,999,"{Food:3s,Comment:""拥有锋利的牙齿""}"
170,菜刀,kitchen_knife,U353F,255;240;245,close_weapon,1,"{Attack:11s,CD:950s,KnockbackLevel:16s,Durability:3920s,EntityID:53s,EntityLife:730L}"
171,钴蓝烛台,cobalt_candlestick,U37A2,65;105;225,block,999,{Lightness:3.9f}
172,钴蓝锭,cobalt_ingot,ㄖ,65;105;225,material,999,"{Lightness:0.01f,Comment:""耀眼的蓝色光芒""}"
173,钴蓝块,cobalt_block,U2353,65;105;225,block,999,{Lightness:0.09f}
174,钴蓝剑,cobalt_sword,ヤ,65;105;225,close_weapon,1,"{Lightness:0.03f,Attack:20s,CD:350s,KnockbackLevel:7s,Durability:9999s,EntityID:50s,EntityLife:220L}"
175,钴蓝镐,cobalt_pickaxe,个,65;105;225,pickaxe,1,"{Lightness:0.03f,Attack:5s,Power:5s,PowerLevel:7s,CD:250s,KnockbackLevel:4s,Durability:10101s,EntityID:51s,EntityLife:120L}"
176,钴蓝斧,cobalt_axe,m,65;105;225,axe,1,"{Lightness:0.03f,Attack:22s,Power:9s,PowerLevel:6s,Durability:10086s,CD:510s,KnockbackLevel:13s,EntityID:51s,EntityLife:310L}"
177,钴蓝矿,cobalt_ore,◆,0;0;205,material,999,{Lightness:0.007f}
178,山砧,mountain_anvil,U37AC,245;245;220,block,99,{Comment:"乡村人用的铁砧"}
179,绿叶架,plant_shelf,U386D,0;238;0,block,999,{Fuel:70s}
180,粉色花架,flower_shelf,U386D,255;105;180,block,999,{Fuel:70s}
181,宝藏幼株,treasure_sapling,U38FA,23;201;0,block,99,{Comment:"可能会长出宝藏"}
182,墓碑树,gravestone_tree,U3B82,107;142;35,block,99,"{Comment:""墓碑竟长在了树上…"",Fuel:160s}"
183,烽火台,beacon_tower,U3DD1,255;99;71,block,99,{}
184,屏风,screen,U3E1E,210;180;140,block,99,{Fuel:20s}
185,甘蔗,sugar_cane,州,60;179;113,block,999,{}
186,纸,paper,ロ,255;255;224,material,999,{Fuel:5s}
187,书,book,U2E9C,255;228;196,food,999,"{Food:10s,Comment:""知识就是力量""}"
188,书架,bookshelf,冒,255;228;181,block,99,{Comment:"增添文化底蕴"}
189,香炉,censer,典,255;165;79,block,99,{}
190,文化祭坛,culture_altar,U3B2A,238;0;238,block,99,{Comment:"文化的象征"}
191,皮革,leather,UA48C,205;102;0,material,999,{}
192,生牛肉,raw_beef,UA12C,238;130;98,food,999,{Food:5s}
193,熟牛肉,cooked_beef,UA12C,139;69;0,food,999,{Food:9s}
194,生猪肉,raw_pork,UA42A,233;150;122,food,999,{Food:4s}
195,熟猪肉,cooked_pork,UA42A,165;42;42,food,999,{Food:8s}
196,生羊肉,raw_mutton,U2114,255;239;219,food,999,{Food:5s}
197,熟羊肉,cooked_mutton,U2114,238;207;161,food,999,{Food:9s}
198,生鸡肉,raw_chicken,UA09F,255;240;245,food,999,{Food:3s}
199,熟鸡肉,cooked_chicken,UA0BD,205;133;63,food,999,{Food:6s}
200,生马肉,raw_horseflesh,UA08D,255;106;106,food,999,{Food:5s}
201,熟马肉,cooked_horseflesh,UA08C,139;71;38,food,999,{Food:10s}
202,生鸡蛋,raw_egg,UA132,245;245;220,throwable,999,"{EntityID:34s,Attack:3s,CD:110s,Range:14s,ProjCD:40s,Comment:""不吃生蛋""}"
203,熟鸡蛋,cooked_egg,UA131,238;197;145,food,999,{Food:3s}
204,雪球,snowball,●,240;255;255,throwable,999,"{EntityID:33s,Attack:1s,CD:100s,Range:6s,ProjCD:40s}"
205,投掷长矛,throwable_spear,I,176;196;222,throwable,999,"{EntityID:35s,Attack:12s,CD:200s,KnockbackLevel:7s,Range:10s,ProjCD:35s,UseSound:""spear_thrown""}"
206,长矛,spear,↑,205;205;180,close_weapon,1,"{Attack:11s,CD:820s,KnockbackLevel:16s,Durability:4000s,EntityID:49s,EntityLife:600L}"
207,铁匕首,iron_dagger,メ,241;241;241,close_weapon,1,"{Attack:5s,CD:249s,KnockbackLevel:3s,Durability:2850s,EntityID:46s,EntityLife:140L}"
208,金匕首,golden_dagger,メ,227;235;15,close_weapon,1,"{Attack:6s,CD:240s,KnockbackLevel:4s,Durability:4420s,EntityID:47s,EntityLife:140L}"
209,钴蓝匕首,cobalt_dagger,メ,65;105;225,close_weapon,1,"{Attack:10s,CD:220s,KnockbackLevel:5s,Durability:8780s,EntityID:52s,EntityLife:130L}"
210,钴蓝魔杖,cobalt_wand,∫,65;105;225,launcher,1,"{EntityID:54s,ProjNeedItem:0s,CD:920s,KnockbackLevel:9s,Attack:9s,Durability:10320s,Range:12s,ProjCD:40s,MagicCost:2s,UseSound:""wield""}"
211,蓝宝石,sapphire,U2752,58;95;205,material,999,{Lightness:0.007f}
212,红宝石,ruby,U274D,205;0;0,material,999,{Lightness:0.007f}
213,黄玉,topaz,U2394,255;165;0,material,999,{Lightness:0.007f}
214,紫水晶,amethyst,U2390,138;43;226,material,999,{Lightness:0.007f}
215,翡翠,emerald,U2B22,50;205;50,material,999,{Lightness:0.007f}
216,琥珀,amber,U26DB,238;118;33,material,999,{Lightness:0.007f}
217,钻石,diamond,U2721,135;206;255,material,999,{Lightness:0.007f}
218,马铃薯,potato,О,218;165;32,food,999,{Food:2s}
219,烤马铃薯,cooked_potato,О,210;105;30,food,999,{Food:4s}
220,羽毛,feather,U2E19,250;250;210,material,999,{}
221,小麦,wheat,U054A,238;180;34,material,999,{}
222,小圆包,bun,U26AB,210;105;30,food,999,{Food:3s}
223,法棍,baguette,u,244;164;96,food,99,{Food:4s}
224,真正的法棍,real_baguette,u,255;130;71,close_weapon,1,"{Attack:4s,CD:256s,KnockbackLevel:8s,Durability:2400s,EntityID:55s,EntityLife:140L,Comment:""这才是武器!""}"
225,糖,sugar,▲,245;255;250,material,999,{}
226,糖果,candy,U00A7,255;250;205,food,999,{Food:1s}
227,飞刀,throwing_knife,U0142,190;190;190,throwable,999,"{EntityID:56s,Attack:6s,CD:100s,KnockbackLevel:4s,Range:18s,ProjCD:25s,UseSound:""spear_thrown""}"
228,毒素,toxin,∴,155;205;155,material,999,{}
229,毒飞刀,toxic_throwing_knife,U0142,102;205;170,throwable,999,"{EntityID:57s,Attack:6s,CD:100s,KnockbackLevel:4s,Range:18s,ProjCD:25s,UseSound:""spear_thrown""}"
230,雪糕,sorbet,,175;238;238,food,99,"{Food:2s,ExtraEffects:[""5s*8000L""]}"
231,皮革头盔,leather_helmet,,205;133;63,helmet,1,"{Defense:1s,Durability:60s,EquipSound:""equip_leather""}"
232,皮革胸甲,leather_chestplate,U178E,205;133;63,chestplate,1,"{Defense:2s,Durability:80s,EquipSound:""equip_leather""}"
233,皮革护腿,leather_leggings,U0429,205;133;63,leggings,1,"{Defense:1s,Durability:75s,EquipSound:""equip_leather""}"
234,皮革靴子,leather_boots,U0EC1,205;133;63,boots,1,"{Defense:1s,Durability:65s,EquipSound:""equip_leather""}"
235,铁头盔,iron_helmet,U2654,232;232;232,helmet,1,"{Defense:2s,Durability:165s}"
236,铁胸甲,iron_chestplate,U2DB1,232;232;232,chestplate,1,"{Defense:3s,Durability:240s}"
237,铁护腿,iron_leggings,U0429,232;232;232,leggings,1,"{Defense:2s,Durability:225s}"
238,铁靴子,iron_boots,U0EC1,232;232;232,boots,1,"{Defense:2s,Durability:195s}"
239,金头盔,golden_helmet,U2655,238;238;0,helmet,1,"{Defense:2s,Durability:165s}"
240,金胸甲,golden_chestplate,U2DB1,238;238;0,chestplate,1,"{Defense:3s,Durability:240s}"
241,金护腿,golden_leggings,U0429,238;238;0,leggings,1,"{Defense:2s,Durability:225s}"
242,金靴子,golden_boots,U0EC1,238;238;0,boots,1,"{Defense:2s,Durability:195s}"
243,钴蓝头盔,cobalt_helmet,U25DA,65;105;225,helmet,1,"{Defense:2s,Durability:320s}"
244,钴蓝胸甲,cobalt_chestplate,U2DB1,65;105;225,chestplate,1,"{Defense:3s,Durability:360s}"
245,钴蓝护腿,cobalt_leggings,U0429,65;105;225,leggings,1,"{Defense:2s,Durability:340s}"
246,钴蓝靴子,cobalt_boots,U0EC1,65;105;225,boots,1,"{Defense:2s,Durability:290s}"
247,钻石头盔,diamond_helmet,U265D,135;206;255,helmet,1,"{Defense:2s,Durability:400s}"
248,钻石胸甲,diamond_chestplate,U2DB1,135;206;255,chestplate,1,"{Defense:3s,Durability:560s}"
249,钻石护腿,diamond_leggings,U0429,135;206;255,leggings,1,"{Defense:2s,Durability:520s}"
250,钻石靴子,diamond_boots,U0EC1,135;206;255,boots,1,"{Defense:2s,Durability:600s}"
251,三叶草,clover,U2618,46;139;87,block,999,{}
252,木挡板,wooden_baffle,U2338,184;134;11,accessory,1,"{Defense:1s,Durability:90s,Fuel:60s}"
253,竹挡板,bamboo_baffle,U2338,154;205;50,accessory,1,"{Defense:1s,Durability:95s,Fuel:55s}"
254,石斛,dendrobe,U03D4,202;255;112,block,999,{}
255,人参,ginseng,U05E5,118;238;0,block,999,{}
256,火树,blaze_tree,s,255;69;0,block,99,"{Fuel:300s,Lightness:2.0f}"
257,火星,spark,U07E1,255;127;0,material,999,"{Fuel:5s,Lightness:0.5f}"
258,火,fire,火,255;69;0,block,99,"{Fuel:40s,Lightness:2.2f}"
259,烈焰草,blaze_grass,，,255;165;0,block,999,{Fuel:2s}
260,暗色树丛,dark_bush,丛,139;62;47,block,99,{Fuel:7s}
261,花岗岩,granite,,255;114;86,block,999,{}
262,黑曜石,obsidian,□,50;23;94,block,999,{}
263,黑曜石盾牌,obsidian_shield,U26C9,50;23;94,accessory,1,"{Defense:4s,Durability:1040s}"
264,地狱岩,hellstone,,205;38;38,block,999,{}
265,地狱矿石,hell_ore,,205;43;43,block,999,{}
266,石英,quartz,U1419,245;255;250,material,999,{}
267,石英簇,quartz_cluster,U16DF,245;255;250,block,999,{}
268,地狱炸药石,hell_bombstone,U4096,255;48;48,block,999,{Comment:"含有易爆物质"}
269,火石,blaze_stone,U40D5,205;92;92,block,999,{Fuel:30s}
270,地狱熔炉,hell_furnace,U419A,205;51;51,block,99,{Lightness:0.0f}
271,地狱砖,hell_brick,U275A,205;51;51,material,999,{}
272,乌木树,ebony_tree,木,139;87;66,block,99,{Fuel:40s}
273,深板岩,deepslate,,55;77;81,block,999,{}
274,深板岩圆石,deepslate_cobblestone,U4096,67;90;90,block,999,{}
275,深板岩砖块,deepslate_stonebrick,田,66;91;96,block,999,{}
276,钴蓝弓,cobalt_bow,U2E56,65;105;225,bow,1,"{CD:850s,KnockbackLevel:5s,Attack:14s,Durability:5060s,Range:25s,ProjCD:30s}"
277,钻石弓,diamond_bow,U2E56,135;206;255,bow,1,"{CD:790s,KnockbackLevel:6s,Attack:27s,Durability:10580s,Range:30s,ProjCD:25s}"
278,幸运护符,lucky_talisman,U2611,209;176;23,accessory,1,"{Luck:5s,Durability:1230s}"
279,安卡丁护符,ankadine_talisman,U2625,219;65;11,accessory,1,"{ExtraLife:10s,Durability:1550s}"
280,摔炮,small_dynamite,U0446,244;37;26,put,999,"{Attack:18s,KnockbackLevel:19s,BreakPower:0.0f,EntityID:69s,Comment:""不摧毁方块""}"
281,地狱弓,hell_bow,U10ED,243;81;9,bow,1,"{CD:840s,KnockbackLevel:5s,Attack:16s,Durability:6250s,Range:20s,ProjCD:31s,ProjSubstitudeItem:129s,Comment:""将普通箭转为燃烧箭!""}"
282,玻璃,glass,□,133;197;189,block,999,{}
283,玻璃碎片,glass_piece,U15CC,133;197;189,throwable,999,"{EntityID:70s,Attack:2s,CD:250s,KnockbackLevel:1s,Range:9s,ProjCD:35s,UseSound:""spear_thrown""}"
284,玻璃瓶,glass_bottle,西,171;215;210,container,1,{Capacity:0.25f}
285,水瓶,water_bottle,酉,32;98;144,container,1,"{Container:284s,Liquid:""water""}"
286,红纸,red_paper,ロ,243;42;9,material,999,{Fuel:5s}
287,炸弹,bomb,◎,58;63;80,put,999,"{Attack:25s,KnockbackLevel:29s,BreakPower:30.0f,EntityID:71s}"
288,雷管,detonator,U1964,244;37;26,put,999,"{Attack:100s,KnockbackLevel:49s,BreakPower:50.0f,EntityID:72s}"
289,玻璃门,glass_door,门,133;197;189,block,99,{}
290,石英块,quartz_block,■,245;255;250,block,999,{}
291,石英门,quartz_door,T,245;255;250,block,99,{}
292,玻璃桌,glass_table,B,133;197;189,block,99,{}
293,玻璃工作台,glass_workbench,丌,133;197;189,block,99,{Tags:["workbench"]}
294,石英桌,quartz_table,,245;255;250,block,99,{}
295,石英工作台,quartz_workbench,U34AB,245;255;250,block,99,{Tags:["workbench"]}
296,黑曜石门,obsidian_door,U49A4,50;23;94,block,99,{}
297,黑曜石桌,obsidian_table,],50;23;94,block,99,{}
298,黑曜石工作台,obsidian_workbench,U34AB,50;23;94,block,99,{Tags:["workbench"]}
299,打火石,flint_and_steel,印,173;151;129,tool,1,"{PlaceBlock:140s,UseSound:""ignite"",Durability:1200s}"
300,迅捷药水,swiftness_potion,酉,152;245;255,potion,99,"{Container:284s,Effects:[""1s*180000L""]}"
301,再生药水,regeneration_potion,酉,238;59;59,potion,99,"{Container:284s,Effects:[""4s*60000L""]}"
302,魔王罐,devil_king_jar,詈,211;54;11,block,99,{Comment:"存储了一个魔王"}
303,魔王大刀,devil_king_knife,U2CE8,224;88;6,close_weapon,1,"{Attack:17s,CD:885s,KnockbackLevel:10s,Durability:5403s,EntityID:77s,EntityLife:440L}"
304,魔王的头,devil_king_skull,麻,201;93;5,block,99,{}
305,钻石块,diamond_block,U2353,135;206;255,block,999,{}
306,钻石剑,diamond_sword,U2020,135;206;255,close_weapon,1,"{Lightness:0.03f,Attack:28s,CD:300s,KnockbackLevel:9s,Durability:24560s,EntityID:78s,EntityLife:200L}"
307,钻石镐,diamond_pickaxe,U2E15,135;206;255,pickaxe,1,"{Lightness:0.03f,Attack:9s,Power:6s,PowerLevel:8s,CD:230s,KnockbackLevel:6s,Durability:28600s,EntityID:79s,EntityLife:100L}"
308,钻石斧,diamond_axe,ㄗ,135;206;255,axe,1,"{Lightness:0.03f,Attack:30s,Power:10s,PowerLevel:7s,Durability:22000s,CD:490s,KnockbackLevel:16s,EntityID:79s,EntityLife:270L}"
309,钻石匕首,diamond_dagger,メ,135;206;255,close_weapon,1,"{Attack:15s,CD:200s,KnockbackLevel:6s,Durability:14580s,EntityID:80s,EntityLife:100L}"
310,燧石,flint,U2B17,67;71;90,material,999,{}
311,打火机,lighter,U382F,162;134;98,tool,1,"{PlaceBlock:140s,UseSound:""ignite"",Durability:240s}"
312,火箭炮,rocket_launcher,U10002,122;79;50,rpg,1,"{CD:2500s,KnockbackLevel:26s,Attack:65s,Durability:2350s,Range:24s,ProjCD:30s}"
313,火箭弹I,rocket_1,U10000,122;79;50,rocket,99,{EntityID:81s}
314,火箭弹II,rocket_2,U10000,250;171;20,rocket,99,{EntityID:82s}
315,火箭弹III,rocket_3,U10000,167;4;4,rocket,99,{EntityID:83s}
316,火箭弹IV,rocket_4,U10000,215;124;7,rocket,99,{EntityID:84s}
317,沙岩,sandstone,,239;215;11,block,999,{}
318,沙漠化石,desert_fossil,■,218;159;18,block,999,{}
319,流沙,quicksand,,239;215;11,block,999,{}
320,沙化石块,sandrock,石,147;139;51,block,999,{}
321,硬沙岩,hard_sandstone,,243;165;13,block,999,{}
322,冻土,frozen_soil,,51;77;64,block,999,{}
323,薄冰块,crisp_ice,,104;162;126,block,999,{}
324,覆冰石,ice_rock,石,43;125;152,block,999,{}
325,苔藓块,moss_block,,9;127;12,block,999,{}
326,青石头,mossy_stone,,74;133;53,block,999,{}
327,青石,mossy_rock,石,44;125;30,block,999,{}
328,石灰石,limestone,,147;137;129,block,999,{}
329,石灰石块,limerock,石,152;132;124,block,999,{}
330,石笋,stalagmite,∧,162;104;95,block,999,{}
331,荷花,lotus,U10003,240;124;228,block,999,{}
332,荷叶,lilypad,U2B2C,14;184;78,block,999,{Fuel:5s}
333,铁桶,iron_bucket,凵,164;186;187,container,1,{Capacity:1.0f}
334,水桶,water_bucket,凼,68;133;178,container,1,"{Container:333s,Liquid:""water""}"
335,岩浆桶,lava_bucket,凶,233;109;9,container,1,"{Container:333s,Liquid:""lava""}"
336,羽翅,feather_wings,羽,238;239;232,accessory,1,{Durability:520s}
337,帆布翅,canvas_wings,比,122;180;192,accessory,1,{Durability:670s}
338,鹅绒翅,goose_down_wings,?,182;196;213,accessory,1,{Durability:1080s}
339,恶魔之翼,demon_wings,羽,40;65;66,accessory,1,{Durability:480s}
340,机械之翼,mechanical_wings,弱,184;160;88,accessory,1,{Durability:1550s}
341,水晶之翼,crystal_wings,Q,132;79;178,accessory,1,{Durability:2000s}
342,龙鳞之翅,dragon_scale_wings,U10004,136;27;5,accessory,1,{Durability:7200s}
343,自然之翼,natural_wings,U10005,74;147;54,accessory,1,{Durability:3800s}
